Workbook

Sheet Operations
C1: Compared to: | E1: Reference: | F1: GTM Data Team - Internal - Industry Magic SOPs (see docs)
A2: Wealth | B2: Industry | C2: Wealth
A3: 2026 | B3: Year | C3: 2026 | E3: MOVE TO: | F3: Report - Change Incl
A4: 2 | B4: Quarter | C4: 1 | F4: Report - No Change
A5: Quarterly | B5: Comparison Type
A6: Acme Financial (0001) | B6: Main Org
A7: Northwind Mutual (0002) | B7: Company A
A8: Cascade Advisors (0003) | B8: Company B
A11: Show? | B11: Metric | C11: Main Org Q2 | D11: Main Org Q1 | E11: Ind Avg Q2 | F11: Ind Avg Q1 | G11: Company A Q2 | H11: Company A Q1 | I11: Company B Q2 | J11: Company B Q1
B12: Strengthening Presence
A13: =TRUE() -> TRUE | B13: Workspaces | C13: 82 | D13: 79 | E13: 78 | F13: 77 | G13: 105 | H13: 106 | I13: 106 | J13: 107
A14: =TRUE() -> TRUE | B14: Social Accounts per workspace | C14: 1 | D14: 1 | E14: 1 | F14: 1 | G14: 1 | H14: 1 | I14: 1 | J14: 1
A15: =TRUE() -> TRUE | B15: Connections per workspace | C15: 1600 | D15: 1510 | E15: 1480 | F15: 1470 | G15: 1590 | H15: 1575 | I15: 1570 | J15: 1568
A16: =FALSE() -> FALSE | B16: Average Facebook Connections | C16: 150 | D16: 148 | E16: 220 | F16: 219 | G16: 210 | H16: 213 | I16: 340 | J16: 341
A17: =FALSE() -> FALSE | B17: Average Instagram Connections | C17: 130 | D17: 128 | E17: 270 | F17: 265 | G17: 225 | H17: 230 | I17: 160 | J17: 164
A18: =TRUE() -> TRUE | B18: Average LinkedIn Connections | C18: 1600 | D18: 1510 | E18: 1480 | F18: 1470 | G18: 1585 | H18: 1570 | I18: 1565 | J18: 1563
A19: =FALSE() -> FALSE | B19: Average Twitter Connections | C19: 148 | D19: 120 | E19: 130 | F19: 125 | G19: 134 | H19: 130 | I19: 90 | J19: 92
B20: Publishes and Engagements
A21: =TRUE() -> TRUE | B21: Quarterly Publishes per workspace | C21: 18 | D21: 17 | E21: 16 | F21: 16 | G21: 12 | H21: 12 | I21: 11 | J21: 11
A22: =FALSE() -> FALSE | B22: Monthly Publishes per workspace | C22: 6 | D22: 5 | E22: 5 | F22: 5 | G22: 4 | H22: 4 | I22: 4 | J22: 4
A23: =TRUE() -> TRUE | B23: % of original publishes per workspace | C23: 8 | D23: 7 | E23: 6 | F23: 6 | G23: 19 | H23: 10 | I23: 10 | J23: 9
A24: =TRUE() -> TRUE | B24: Overall engagement rate | C24: 5.1 | D24: 4.3 | E24: 4.15 | F24: 4.05 | G24: 8.4 | H24: 8.5 | I24: 8.55 | J24: 8.5
A25: =FALSE() -> FALSE | B25: Facebook engagement rate | C25: 0.9 | D25: 0.88 | E25: 1.08 | F25: 1.05 | G25: 0.34 | H25: 0.36 | I25: 1.75 | J25: 1.7
A26: =FALSE() -> FALSE | B26: Instagram engagement rate | C26: 2.98 | D26: 2.9 | E26: 2.4 | F26: 2.35 | G26: 0.78 | H26: 0.8 | I26: 1.81 | J26: 1.85
A27: =TRUE() -> TRUE | B27: LinkedIn engagement rate | C27: 5.1 | D27: 4.25 | E27: 4.14 | F27: 4.03 | G27: 8.39 | H27: 8.5 | I27: 8.55 | J27: 8.48
A28: =FALSE() -> FALSE | B28: Twitter engagement rate | C28: 0.91 | D28: 0.85 | E28: 0.46 | F28: 0.44 | G28: 0.14 | H28: 0.13 | I28: 0.21 | J28: 0.2
B30: Legend:
B31: Blue cells = data inputs (fake sample values). 'Show?' TRUE/FALSE controls whether a row appears on the Report tabs.
B32: % rows are stored as whole percentage points (8 = 8%). All names and numbers here are fictional.

Sheet Report - Change Incl
A1: SPECIFICS | B1: MODIFY SELECTION
A2: Industry | B2: Wealth
A3: Year | B3: 2026
A4: Quarter | B4: 2
A5: Comparison Type | B5: Quarterly
A6: Main Org | B6: Acme Financial (0001)
A7: Company A | B7: Northwind Mutual (0002)
A8: Company B | B8: Cascade Advisors (0003)
A10: Date Range: Q2, 2026 | B10: Acme Financial (0001) | C10: Wealth Industry Average | D10: Northwind Mutual (0002) | E10: Cascade Advisors (0003)
A11: Strengthening Presence
A12: Workspaces | B12: =Operations!C13&" ("&IF((Operations!C13-Operations!D13)=0,"0",IF((Operations!C13-Operations!D13)>0,"+"&(Operations!C13-Operations!D13),(Operations!C13-Operations!D13)))&")" -> 82 (+3) | C12: =Operations!E13&" ("&IF((Operations!E13-Operations!F13)=0,"0",IF((Operations!E13-Operations!F13)>0,"+"&(Operations!E13-Operations!F13),(Operations!E13-Operations!F13)))&")" -> 78 (+1) | D12: =Operations!G13&" ("&IF((Operations!G13-Operations!H13)=0,"0",IF((Operations!G13-Operations!H13)>0,"+"&(Operations!G13-Operations!H13),(Operations!G13-Operations!H13)))&")" -> 105 (-1) | E12: =Operations!I13&" ("&IF((Operations!I13-Operations!J13)=0,"0",IF((Operations!I13-Operations!J13)>0,"+"&(Operations!I13-Operations!J13),(Operations!I13-Operations!J13)))&")" -> 106 (-1)
A13: Social Accounts per workspace | B13: =TEXT(Operations!C14,"0.00")&" ("&IF(ROUND((Operations!C14-Operations!D14),2)=0,"0",IF((Operations!C14-Operations!D14)>0,"+"&TEXT(ABS((Operations!C14-Operations!D14)),"0.00"),"-"&TEXT(ABS((Operations!C14-Operations!D14)),"0.00")))&")" -> 1.00 (0) | C13: =TEXT(Operations!E14,"0.00")&" ("&IF(ROUND((Operations!E14-Operations!F14),2)=0,"0",IF((Operations!E14-Operations!F14)>0,"+"&TEXT(ABS((Operations!E14-Operations!F14)),"0.00"),"-"&TEXT(ABS((Operations!E14-Operations!F14)),"0.00")))&")" -> 1.00 (0) | D13: =TEXT(Operations!G14,"0.00")&" ("&IF(ROUND((Operations!G14-Operations!H14),2)=0,"0",IF((Operations!G14-Operations!H14)>0,"+"&TEXT(ABS((Operations!G14-Operations!H14)),"0.00"),"-"&TEXT(ABS((Operations!G14-Operations!H14)),"0.00")))&")" -> 1.00 (0) | E13: =TEXT(Operations!I14,"0.00")&" ("&IF(ROUND((Operations!I14-Operations!J14),2)=0,"0",IF((Operations!I14-Operations!J14)>0,"+"&TEXT(ABS((Operations!I14-Operations!J14)),"0.00"),"-"&TEXT(ABS((Operations!I14-Operations!J14)),"0.00")))&")" -> 1.00 (0)
A14: Connections per workspace | B14: =Operations!C15&" ("&IF((Operations!C15-Operations!D15)=0,"0",IF((Operations!C15-Operations!D15)>0,"+"&(Operations!C15-Operations!D15),(Operations!C15-Operations!D15)))&")" -> 1600 (+90) | C14: =Operations!E15&" ("&IF((Operations!E15-Operations!F15)=0,"0",IF((Operations!E15-Operations!F15)>0,"+"&(Operations!E15-Operations!F15),(Operations!E15-Operations!F15)))&")" -> 1480 (+10) | D14: =Operations!G15&" ("&IF((Operations!G15-Operations!H15)=0,"0",IF((Operations!G15-Operations!H15)>0,"+"&(Operations!G15-Operations!H15),(Operations!G15-Operations!H15)))&")" -> 1590 (+15) | E14: =Operations!I15&" ("&IF((Operations!I15-Operations!J15)=0,"0",IF((Operations!I15-Operations!J15)>0,"+"&(Operations!I15-Operations!J15),(Operations!I15-Operations!J15)))&")" -> 1570 (+2)
A15: Average LinkedIn Connections | B15: =Operations!C18&" ("&IF((Operations!C18-Operations!D18)=0,"0",IF((Operations!C18-Operations!D18)>0,"+"&(Operations!C18-Operations!D18),(Operations!C18-Operations!D18)))&")" -> 1600 (+90) | C15: =Operations!E18&" ("&IF((Operations!E18-Operations!F18)=0,"0",IF((Operations!E18-Operations!F18)>0,"+"&(Operations!E18-Operations!F18),(Operations!E18-Operations!F18)))&")" -> 1480 (+10) | D15: =Operations!G18&" ("&IF((Operations!G18-Operations!H18)=0,"0",IF((Operations!G18-Operations!H18)>0,"+"&(Operations!G18-Operations!H18),(Operations!G18-Operations!H18)))&")" -> 1585 (+15) | E15: =Operations!I18&" ("&IF((Operations!I18-Operations!J18)=0,"0",IF((Operations!I18-Operations!J18)>0,"+"&(Operations!I18-Operations!J18),(Operations!I18-Operations!J18)))&")" -> 1565 (+2)
A16: Publishes and Engagements
A17: Quarterly Publishes per workspace | B17: =Operations!C21&" ("&IF((Operations!C21-Operations!D21)=0,"0",IF((Operations!C21-Operations!D21)>0,"+"&(Operations!C21-Operations!D21),(Operations!C21-Operations!D21)))&")" -> 18 (+1) | C17: =Operations!E21&" ("&IF((Operations!E21-Operations!F21)=0,"0",IF((Operations!E21-Operations!F21)>0,"+"&(Operations!E21-Operations!F21),(Operations!E21-Operations!F21)))&")" -> 16 (0) | D17: =Operations!G21&" ("&IF((Operations!G21-Operations!H21)=0,"0",IF((Operations!G21-Operations!H21)>0,"+"&(Operations!G21-Operations!H21),(Operations!G21-Operations!H21)))&")" -> 12 (0) | E17: =Operations!I21&" ("&IF((Operations!I21-Operations!J21)=0,"0",IF((Operations!I21-Operations!J21)>0,"+"&(Operations!I21-Operations!J21),(Operations!I21-Operations!J21)))&")" -> 11 (0)
A18: % of original publishes per workspace | B18: =Operations!C23&"%"&" ("&IF((Operations!C23-Operations!D23)=0,"0%",IF((Operations!C23-Operations!D23)>0,"+"&(Operations!C23-Operations!D23)&"%","-"&ABS((Operations!C23-Operations!D23))&"%"))&")" -> 8% (+1%) | C18: =Operations!E23&"%"&" ("&IF((Operations!E23-Operations!F23)=0,"0%",IF((Operations!E23-Operations!F23)>0,"+"&(Operations!E23-Operations!F23)&"%","-"&ABS((Operations!E23-Operations!F23))&"%"))&")" -> 6% (0%) | D18: =Operations!G23&"%"&" ("&IF((Operations!G23-Operations!H23)=0,"0%",IF((Operations!G23-Operations!H23)>0,"+"&(Operations!G23-Operations!H23)&"%","-"&ABS((Operations!G23-Operations!H23))&"%"))&")" -> 19% (+9%) | E18: =Operations!I23&"%"&" ("&IF((Operations!I23-Operations!J23)=0,"0%",IF((Operations!I23-Operations!J23)>0,"+"&(Operations!I23-Operations!J23)&"%","-"&ABS((Operations!I23-Operations!J23))&"%"))&")" -> 10% (+1%)
A19: Overall engagement rate | B19: =TEXT(Operations!C24,"0.00")&" ("&IF(ROUND((Operations!C24-Operations!D24),2)=0,"0",IF((Operations!C24-Operations!D24)>0,"+"&TEXT(ABS((Operations!C24-Operations!D24)),"0.00"),"-"&TEXT(ABS((Operations!C24-Operations!D24)),"0.00")))&")" -> 5.10 (+0.80) | C19: =TEXT(Operations!E24,"0.00")&" ("&IF(ROUND((Operations!E24-Operations!F24),2)=0,"0",IF((Operations!E24-Operations!F24)>0,"+"&TEXT(ABS((Operations!E24-Operations!F24)),"0.00"),"-"&TEXT(ABS((Operations!E24-Operations!F24)),"0.00")))&")" -> 4.15 (+0.10) | D19: =TEXT(Operations!G24,"0.00")&" ("&IF(ROUND((Operations!G24-Operations!H24),2)=0,"0",IF((Operations!G24-Operations!H24)>0,"+"&TEXT(ABS((Operations!G24-Operations!H24)),"0.00"),"-"&TEXT(ABS((Operations!G24-Operations!H24)),"0.00")))&")" -> 8.40 (-0.10) | E19: =TEXT(Operations!I24,"0.00")&" ("&IF(ROUND((Operations!I24-Operations!J24),2)=0,"0",IF((Operations!I24-Operations!J24)>0,"+"&TEXT(ABS((Operations!I24-Operations!J24)),"0.00"),"-"&TEXT(ABS((Operations!I24-Operations!J24)),"0.00")))&")" -> 8.55 (+0.05)
A20: LinkedIn engagement rate | B20: =TEXT(Operations!C27,"0.00")&" ("&IF(ROUND((Operations!C27-Operations!D27),2)=0,"0",IF((Operations!C27-Operations!D27)>0,"+"&TEXT(ABS((Operations!C27-Operations!D27)),"0.00"),"-"&TEXT(ABS((Operations!C27-Operations!D27)),"0.00")))&")" -> 5.10 (+0.85) | C20: =TEXT(Operations!E27,"0.00")&" ("&IF(ROUND((Operations!E27-Operations!F27),2)=0,"0",IF((Operations!E27-Operations!F27)>0,"+"&TEXT(ABS((Operations!E27-Operations!F27)),"0.00"),"-"&TEXT(ABS((Operations!E27-Operations!F27)),"0.00")))&")" -> 4.14 (+0.11) | D20: =TEXT(Operations!G27,"0.00")&" ("&IF(ROUND((Operations!G27-Operations!H27),2)=0,"0",IF((Operations!G27-Operations!H27)>0,"+"&TEXT(ABS((Operations!G27-Operations!H27)),"0.00"),"-"&TEXT(ABS((Operations!G27-Operations!H27)),"0.00")))&")" -> 8.39 (-0.11) | E20: =TEXT(Operations!I27,"0.00")&" ("&IF(ROUND((Operations!I27-Operations!J27),2)=0,"0",IF((Operations!I27-Operations!J27)>0,"+"&TEXT(ABS((Operations!I27-Operations!J27)),"0.00"),"-"&TEXT(ABS((Operations!I27-Operations!J27)),"0.00")))&")" -> 8.55 (+0.07)

Sheet Report - No Change
A1: SPECIFICS | B1: MODIFY SELECTION
A2: Industry | B2: Wealth
A3: Year | B3: 2026
A4: Quarter | B4: 2
A5: Comparison Type | B5: None
A6: Main Org | B6: Acme Financial (0001)
A7: Company A | B7: Northwind Mutual (0002)
A8: Company B | B8: Cascade Advisors (0003)
A10: Date Range: Q2, 2026 | B10: Acme Financial (0001) | C10: Wealth Industry Average | D10: Northwind Mutual (0002) | E10: Cascade Advisors (0003)
A11: Strengthening Presence
A12: Workspaces | B12: =Operations!C13 -> 82 | C12: =Operations!E13 -> 78 | D12: =Operations!G13 -> 105 | E12: =Operations!I13 -> 106
A13: Social Accounts per workspace | B13: =TEXT(Operations!C14,"0.00") -> 1.00 | C13: =TEXT(Operations!E14,"0.00") -> 1.00 | D13: =TEXT(Operations!G14,"0.00") -> 1.00 | E13: =TEXT(Operations!I14,"0.00") -> 1.00
A14: Connections per workspace | B14: =Operations!C15 -> 1600 | C14: =Operations!E15 -> 1480 | D14: =Operations!G15 -> 1590 | E14: =Operations!I15 -> 1570
A15: Average LinkedIn Connections | B15: =Operations!C18 -> 1600 | C15: =Operations!E18 -> 1480 | D15: =Operations!G18 -> 1585 | E15: =Operations!I18 -> 1565
A16: Publishes and Engagements
A17: Quarterly Publishes per workspace | B17: =Operations!C21 -> 18 | C17: =Operations!E21 -> 16 | D17: =Operations!G21 -> 12 | E17: =Operations!I21 -> 11
A18: % of original publishes per workspace | B18: =Operations!C23&"%" -> 8% | C18: =Operations!E23&"%" -> 6% | D18: =Operations!G23&"%" -> 19% | E18: =Operations!I23&"%" -> 10%
A19: Overall engagement rate | B19: =TEXT(Operations!C24,"0.00") -> 5.10 | C19: =TEXT(Operations!E24,"0.00") -> 4.15 | D19: =TEXT(Operations!G24,"0.00") -> 8.40 | E19: =TEXT(Operations!I24,"0.00") -> 8.55
A20: LinkedIn engagement rate | B20: =TEXT(Operations!C27,"0.00") -> 5.10 | C20: =TEXT(Operations!E27,"0.00") -> 4.14 | D20: =TEXT(Operations!G27,"0.00") -> 8.39 | E20: =TEXT(Operations!I27,"0.00") -> 8.55

Sheet Operation Lists
A1: Industry | B1: Year | C1: Quarter | D1: Comparison Type | E1: List of Orgs (sample)
A2: Life | B2: 2021 | C2: 1 | D2: Quarterly | E2: Acme Financial (0001)
A3: Wealth | B3: 2022 | C3: 2 | D3: Yearly | E3: Northwind Mutual (0002)
A4: B2B | B4: 2023 | C4: 3 | D4: None | E4: Cascade Advisors (0003)
A5: P&C | B5: 2024 | C5: 4 | E5: Summit Insurance Group (0004)
A6: Asset Management | B6: 2025 | E6: Harbor Wealth (0005)
A7: Commercial Banking | B7: 2026
A8: Retail Banking
A9: Mortgage
A10: Recruiting
A12: Sample only — the real hidden tabs (Operation Lists, Org Lists, References) hold the full customer roster and are not reproduced.
